National ID,First Name,Last Name,Email,Department,Active
28881338800,Ayfer,Ergin,ayfer.ergin@musaade.com,Management,True
53864878050,Muzaffer,Topal,muzaffer.topal@musaade.com,Management,True
24377781990,Ozgur,Oguz,ozgur.oguz@musaade.com,Human Resources,True
46578712052,Sahin,Erdogan,sahin.erdogan@musaade.com,Research,True
13494899670,Hanim,Kaya,hanim.kaya@musaade.com,Management,True
25745372204,Sevim,Bayrak,sevim.bayrak@musaade.com,Logistics,True
17688192165,Ali,Yigit,ali.yigit@musaade.com,Marketing,True
25052209408,Rahime,Yildiz,rahime.yildiz@musaade.com,Logistics,True
32481274769,Gulsen,Eroglu,gulsen.eroglu@musaade.com,Logistics,True
26300303526,Leyla,Sezer,leyla.sezer@musaade.com,Logistics,True
12952533436,Halime,Cengiz,halime.cengiz@musaade.com,Development,True
11449674254,Aysel,Koca,aysel.koca@musaade.com,Research,True
15056758935,Orhan,Balci,orhan.balci@musaade.com,Marketing,True
11721429120,Ihsan,Cevik,ihsan.cevik@musaade.com,Marketing,True
33166930376,Sevda,Erdem,sevda.erdem@musaade.com,Management,True
84999982673,Meryem,Gurbuz,meryem.gurbuz@musaade.com,Sales,True
27487799042,Kazim,Sener,kazim.sener@musaade.com,Development,True
30039216674,Remziye,Guzel,remziye.guzel@musaade.com,Development,True
22541670797,Cigdem,Saglam,cigdem.saglam@musaade.com,Sales,True
34489050849,Haci,Durmus,haci.durmus@musaade.com,Marketing,True
27347534297,Necati,Coskun,necati.coskun@musaade.com,Development,True
27105975478,Ismet,Ozer,ismet.ozer@musaade.com,Development,True
16388772709,Bekir,Demirci,bekir.demirci@musaade.com,Research,True
28007862337,Adnan,Kahraman,adnan.kahraman@musaade.com,Development,True
12144738307,Neriman,Dag,neriman.dag@musaade.com,Sales,True
30063719159,Nazmiye,Cetin,nazmiye.cetin@musaade.com,Management,True
81618594590,Abdulkadir,Ersoy,abdulkadir.ersoy@musaade.com,Research,True
27178921945,Gulten,Karaman,gulten.karaman@musaade.com,Research,True
30668776091,Engin,Uzun,engin.uzun@musaade.com,Development,True
52768953399,Ramazan,Karaca,ramazan.karaca@musaade.com,Logistics,True
13256356188,Gokhan,Oz,gokhan.oz@musaade.com,Management,True
17897717440,Sultan,Gumus,sultan.gumus@musaade.com,Logistics,True
20359460242,Ercan,Akkaya,ercan.akkaya@musaade.com,Management,True
29793322944,Salih,Altun,salih.altun@musaade.com,Development,True
25855959198,Metin,Ozel,metin.ozel@musaade.com,Research,True
22705076330,Bayram,Kaplan,bayram.kaplan@musaade.com,Marketing,True
33556892112,Abdurrahman,Turan,abdurrahman.turan@musaade.com,Research,True
30823011761,Yildiz,Donmez,yildiz.donmez@musaade.com,Marketing,True
21202858145,Nuri,Ozbek,nuri.ozbek@musaade.com,Sales,True
24609367546,Riza,Bal,riza.bal@musaade.com,Research,True
24086191176,Emin,Yildirim,emin.yildirim@musaade.com,Logistics,True
30440282338,Sedat,Colak,sedat.colak@musaade.com,Sales,True
26084441838,Zubeyde,Yasar,zubeyde.yasar@musaade.com,Sales,True
40324423073,Tugba,Efe,tugba.efe@musaade.com,Development,True
76694072644,Kadriye,Can,kadriye.can@musaade.com,Research,True
33279184764,Bulent,Gunes,bulent.gunes@musaade.com,Logistics,True
31827973587,Saban,Tasdemir,saban.tasdemir@musaade.com,Research,True
22876508917,Saliha,Gultekin,saliha.gultekin@musaade.com,Development,True
70716845575,Munevver,Caglar,munevver.caglar@musaade.com,Marketing,True
56819669324,Emrah,Ekinci,emrah.ekinci@musaade.com,Sales,True
16330691958,Meral,Sahin,meral.sahin@musaade.com,Marketing,True
64632095564,Ilhan,Caliskan,ilhan.caliskan@musaade.com,Development,True
28107081495,Zeynep,Polat,zeynep.polat@musaade.com,Research,True
13053866922,Nihat,Tas,nihat.tas@musaade.com,Development,True
19369708994,Ilknur,Karakas,ilknur.karakas@musaade.com,Management,True
23681165676,Hakan,Ates,hakan.ates@musaade.com,Sales,True
15882227077,Serkan,Aydin,serkan.aydin@musaade.com,Development,True
88533174637,Nurcan,Aydogdu,nurcan.aydogdu@musaade.com,Development,True
23406702274,Erhan,Aydemir,erhan.aydemir@musaade.com,Development,True
15661678418,Arzu,Guney,arzu.guney@musaade.com,Development,True
25595824136,Tulay,Aslan,tulay.aslan@musaade.com,Logistics,True
28374020209,Isa,Kucuk,isa.kucuk@musaade.com,Research,True
17058172581,Elif,Guler,elif.guler@musaade.com,Human Resources,True
38637307682,Musa,Demirtas,musa.demirtas@musaade.com,Logistics,True
21489691851,Saniye,Aktas,saniye.aktas@musaade.com,Management,True
30778038252,Ozlem,Yilmaz,ozlem.yilmaz@musaade.com,Sales,True
24409615382,Celal,Yuksel,celal.yuksel@musaade.com,Management,True
24139389243,Murat,Ari,murat.ari@musaade.com,Logistics,True
21787469755,Turkan,Gungor,turkan.gungor@musaade.com,Human Resources,True
25676528891,Ibrahim,Ucar,ibrahim.ucar@musaade.com,Research,True
26530346196,Erol,Tunc,erol.tunc@musaade.com,Marketing,True
16971568366,Sengul,Budak,sengul.budak@musaade.com,Development,True
33822208514,Zafer,Oner,zafer.oner@musaade.com,Logistics,True
27129578106,Bilal,Isik,bilal.isik@musaade.com,Marketing,True
31132753387,Hamide,Ozturk,hamide.ozturk@musaade.com,Logistics,True
24558999962,Necla,Kilinc,necla.kilinc@musaade.com,Human Resources,True
13108751822,Cemile,Cakmak,cemile.cakmak@musaade.com,Human Resources,True
16504316703,Cemal,Ugur,cemal.ugur@musaade.com,Human Resources,True
13950658445,Sukru,Dursun,sukru.dursun@musaade.com,Research,True
10189422748,Esma,Avci,esma.avci@musaade.com,Research,True
60244863633,Zekiye,Akyuz,zekiye.akyuz@musaade.com,Marketing,True
23947144910,Aynur,Karabulut,aynur.karabulut@musaade.com,Sales,True
12804479714,Nurettin,Turgut,nurettin.turgut@musaade.com,Research,True
75095108515,Cemil,Akyol,cemil.akyol@musaade.com,Human Resources,True
24135551415,Songul,Arslan,songul.arslan@musaade.com,Marketing,True
20597060687,Yunus,Deniz,yunus.deniz@musaade.com,Management,True
54634813397,Zeliha,Uslu,zeliha.uslu@musaade.com,Logistics,True
36230280532,Hulya,Tekin,hulya.tekin@musaade.com,Management,True
13939533569,Neslihan,Cam,neslihan.cam@musaade.com,Logistics,True
50715054121,Yasar,Karakus,yasar.karakus@musaade.com,Logistics,True
51092417739,Ferhat,Ayhan,ferhat.ayhan@musaade.com,Marketing,True
11701122441,Sabri,Durmaz,sabri.durmaz@musaade.com,Management,True
21784403494,Levent,Kilic,levent.kilic@musaade.com,Marketing,True
15089626314,Ekrem,Bayram,ekrem.bayram@musaade.com,Logistics,True
28067559351,Zeki,Ilhan,zeki.ilhan@musaade.com,Sales,True
88361108404,Abdullah,Uysal,abdullah.uysal@musaade.com,Sales,True
15405814570,Havva,Kartal,havva.kartal@musaade.com,Logistics,True
30069512671,Derya,Bektas,derya.bektas@musaade.com,Research,True
45128127702,Selahattin,Kose,selahattin.kose@musaade.com,Research,True
85046813367,Serpil,Ciftci,serpil.ciftci@musaade.com,Sales,True
21228194527,Hasan,Sen,hasan.sen@musaade.com,Research,True
39989664123,Sinan,Koc,sinan.koc@musaade.com,Human Resources,True
26906113514,Nuran,Karadag,nuran.karadag@musaade.com,Research,True
33424061807,Serife,Dinc,serife.dinc@musaade.com,Logistics,True
14249890754,Makbule,Gokce,makbule.gokce@musaade.com,Logistics,True
17372932799,Nurten,Erol,nurten.erol@musaade.com,Logistics,True
23281364184,Mesut,Karatas,mesut.karatas@musaade.com,Research,True
66132864141,Gonul,Seker,gonul.seker@musaade.com,Sales,True
12496387001,Filiz,Ozdemir,filiz.ozdemir@musaade.com,Logistics,True
18318821219,Fatma,Bulut,fatma.bulut@musaade.com,Management,True
26868683212,Yilmaz,Demir,yilmaz.demir@musaade.com,Development,True
56205860636,Zehra,Gundogdu,zehra.gundogdu@musaade.com,Management,True
13542024090,Hanife,Ozcan,hanife.ozcan@musaade.com,Logistics,True
93761530474,Canan,Dogan,canan.dogan@musaade.com,Research,True
20509598975,Semra,Topcu,semra.topcu@musaade.com,Management,True
12220694139,Nuray,Celebi,nuray.celebi@musaade.com,Logistics,True
32115381281,Aydin,Tuncer,aydin.tuncer@musaade.com,Sales,True
26281531721,Safiye,Ipek,safiye.ipek@musaade.com,Research,True
14615648321,Mustafa,Coban,mustafa.coban@musaade.com,Research,True
20287421764,Mehmet,Aksu,mehmet.aksu@musaade.com,Logistics,True
21681606450,Harun,Unal,harun.unal@musaade.com,Human Resources,True
24577047950,Arif,Bayraktar,arif.bayraktar@musaade.com,Management,True
16044770727,Gullu,Gul,gullu.gul@musaade.com,Sales,True
12341760155,Irfan,Karakaya,irfan.karakaya@musaade.com,Research,True
25405293063,Yusuf,Ince,yusuf.ince@musaade.com,Development,True
25230291824,Cengiz,Bilgin,cengiz.bilgin@musaade.com,Sales,True
21460128881,Nuriye,Aygun,nuriye.aygun@musaade.com,Research,True
45920818432,Ugur,Yucel,ugur.yucel@musaade.com,Logistics,True
19316789386,Keziban,Sonmez,keziban.sonmez@musaade.com,Marketing,True
17989808265,Yeter,Yavuz,yeter.yavuz@musaade.com,Logistics,True
18887184894,Adem,Sarikaya,adem.sarikaya@musaade.com,Marketing,True
12557561775,Saadet,Acar,saadet.acar@musaade.com,Development,True
13181445283,Kamil,Eren,kamil.eren@musaade.com,Development,True
25829319507,Naciye,Cetinkaya,naciye.cetinkaya@musaade.com,Development,True
27994577548,Mevlut,Genc,mevlut.genc@musaade.com,Research,True
14237220230,Ayten,Korkmaz,ayten.korkmaz@musaade.com,Management,True
13846281886,Melek,Ozkan,melek.ozkan@musaade.com,Management,True
28640412127,Yakup,Zengin,yakup.zengin@musaade.com,Marketing,True
17069525031,Emel,Gok,emel.gok@musaade.com,Management,True
14320416779,Hayriye,Guven,hayriye.guven@musaade.com,Logistics,True
31254168000,Osman,Ay,osman.ay@musaade.com,Logistics,True
28374030836,Serdar,Cakir,serdar.cakir@musaade.com,Sales,True
30076533323,Emine,Aydogan,emine.aydogan@musaade.com,Development,True
24030280605,Recep,Turk,recep.turk@musaade.com,Logistics,True
32765273109,Huriye,Akpinar,huriye.akpinar@musaade.com,Marketing,True
15852348871,Muhammet,Acikgoz,muhammet.acikgoz@musaade.com,Human Resources,True
15814769207,Sema,Er,sema.er@musaade.com,Management,True
25161187256,Sibel,Akbas,sibel.akbas@musaade.com,Development,True
19756204516,Guler,Bozkurt,guler.bozkurt@musaade.com,Logistics,True
18158545353,Selim,Duman,selim.duman@musaade.com,Development,True
27241278513,Perihan,Akar,perihan.akar@musaade.com,Logistics,True
30833328654,Umit,Ercan,umit.ercan@musaade.com,Development,True
29366787526,Emre,Yaman,emre.yaman@musaade.com,Sales,True
24629536170,Erdal,Temel,erdal.temel@musaade.com,Sales,True
22977811589,Erkan,Celik,erkan.celik@musaade.com,Human Resources,True
17407482349,Ahmet,Vural,ahmet.vural@musaade.com,Research,True
24434492704,Kadir,Kurt,kadir.kurt@musaade.com,Development,True
26901856259,Meliha,Keles,meliha.keles@musaade.com,Management,True
21085866607,Hatice,Alkan,hatice.alkan@musaade.com,Logistics,True
21096283723,Hacer,Akgun,hacer.akgun@musaade.com,Sales,True
32543249061,Nermin,Akkus,nermin.akkus@musaade.com,Logistics,True
17007597385,Rabia,Gunduz,rabia.gunduz@musaade.com,Logistics,True
22592670085,Faruk,Turkmen,faruk.turkmen@musaade.com,Logistics,True
32245925323,Onur,Simsek,onur.simsek@musaade.com,Research,True
15854125791,Esra,Ergun,esra.ergun@musaade.com,Sales,True
11343607123,Suleyman,Mutlu,suleyman.mutlu@musaade.com,Management,True
21667617090,Gulsum,Kocak,gulsum.kocak@musaade.com,Management,True
19059952635,Huseyin,Fidan,huseyin.fidan@musaade.com,Development,True
95808232780,Ismail,Inan,ismail.inan@musaade.com,Development,True
76153683641,Rukiye,Tosun,rukiye.tosun@musaade.com,Logistics,True
19909410281,Pinar,Yazici,pinar.yazici@musaade.com,Logistics,True
14878527520,Mahmut,Taskin,mahmut.taskin@musaade.com,Logistics,True
13243912101,Fadime,Unlu,fadime.unlu@musaade.com,Sales,True
84993582238,Ebru,Akbulut,ebru.akbulut@musaade.com,Marketing,True
31760879681,Ayse,Gunay,ayse.gunay@musaade.com,Logistics,True
26038308184,Fatih,Guner,fatih.guner@musaade.com,Management,True
10301786461,Kemal,Karagoz,kemal.karagoz@musaade.com,Management,True
25429565690,Selma,Sari,selma.sari@musaade.com,Logistics,True
25790540433,Veli,Senturk,veli.senturk@musaade.com,Management,True
30577626865,Kenan,Ak,kenan.ak@musaade.com,Research,True
30588318375,Dursun,Keskin,dursun.keskin@musaade.com,Marketing,True
18294752608,Yasemin,Bas,yasemin.bas@musaade.com,Sales,True
19995746998,Halil,Kalkan,halil.kalkan@musaade.com,Sales,True
69336890759,Aysegul,Yalcin,aysegul.yalcin@musaade.com,Sales,True
17527329257,Muharrem,Kara,muharrem.kara@musaade.com,Logistics,True
16176148033,Seher,Ozcelik,seher.ozcelik@musaade.com,Human Resources,True
14798856623,Serap,Aksoy,serap.aksoy@musaade.com,Human Resources,True
10929876745,Feride,Ozen,feride.ozen@musaade.com,Human Resources,True
21273794031,Asiye,Akgul,asiye.akgul@musaade.com,Human Resources,True
67669138923,Sukran,Orhan,sukran.orhan@musaade.com,Management,True
10006795722,Dondu,Ozmen,dondu.ozmen@musaade.com,Human Resources,True
21582946567,Dilek,Duran,dilek.duran@musaade.com,Development,True
29133350801,Omer,Toprak,omer.toprak@musaade.com,Development,True
13196475505,Hava,Ceylan,hava.ceylan@musaade.com,Human Resources,True
27543293666,Sevgi,Demirel,sevgi.demirel@musaade.com,Marketing,True
27113647095,Yuksel,Akin,yuksel.akin@musaade.com,Logistics,True
27920068764,Gulay,Cinar,gulay.cinar@musaade.com,Human Resources,True
18121143000,Hakki,Cicek,hakki.cicek@musaade.com,Development,True
32837341785,Yasin,Albayrak,yasin.albayrak@musaade.com,Marketing,True
22970454400,Ayhan,Esen,ayhan.esen@musaade.com,Development,True
